{"cameraMode":{"drawMode":0,"name":"Shaded","section":"Shading Mode"},"sceneLighting":false,"audioPlay":false,"sceneViewState":{"m_AlwaysRefresh":false,"showFog":true,"showSkybox":false,"showFlares":true,"showImageEffects":true,"showParticleSystems":true,"showVisualEffectGraphs":true,"m_FxEnabled":true},"in2DMode":false,"pivot":{"x":0.0006420016288757324,"y":0.8284939527511597,"z":-0.06277415156364441},"rotation":{"x":0.006472804583609104,"y":0.9060028195381165,"z":-0.4230026304721832,"w":0.013863708823919297},"size":1.2885621786117554,"orthographic":false}