{"cameraMode":{"drawMode":0,"name":"Shaded","section":"Shading Mode"},"sceneLighting":false,"audioPlay":false,"sceneViewState":{"m_AlwaysRefresh":false,"showFog":true,"showSkybox":false,"showFlares":true,"showImageEffects":true,"showParticleSystems":true,"showVisualEffectGraphs":true,"m_FxEnabled":true},"in2DMode":false,"pivot":{"x":0.6829842925071716,"y":-0.9831509590148926,"z":-1.0711054801940919},"rotation":{"x":0.010861101560294629,"y":0.9802436828613281,"z":-0.18934349715709687,"w":0.056230396032333377},"size":2.3179683685302736,"orthographic":false}